# pgvector benchmark started 2026-05-18T22:35:10+08:00
Timing is on.
 chunks 
--------
 100000
(1 row)

Time: 62.081 ms
                                                                                                                                                                                                                                                                                                                                                                                                                                                                                                                                                                                                                                                                                                                                                                                                                                                                                                                                                                                                                                                                                                                                                                                                                                                                                                                                                                                                                                                                                                                                                                                                                                                                                                                                                                                                                                                                                                                                                                                                                                                                                                                                                                                                                                                                                                                                                                                                                                                                                                                                                                                                                                                                                                                                                                                                                                                                                                                                                                                                                                                                                                                                                                                                                                                                                                                                                                                                                                                                                                                                                                                                                                                                                                                                                                                                                                                                                                                                                                                                                                                                                                                                                                                                                                                                                                                                                                                                                                                                                                                                                                                                                                                                                                                                                                                                                                                                                                                                                                                                                                                                                                                                                                                                                                                                                                                                                                                                                                                                                                                                                                                                                                                                                                                                                                                                                                                                                                                                                                                                                                                                                                                                                                                                                                                                                                                                                                                                                                                                                                                                                                                                                                                                                                                                                                                                                                                                                                                                                                                                                                                                                                                                          QUERY PLAN                                                                                                                                                                                                                                                                                                                                                                                                                                                                                                                                                                                                                                                                                                                                                                                                                                                                                                                                                                                                                                                                                                                                                                                                                                                                                                                                                                                                                                                                                                                                                                                                                                                                                                                                                                                                                                                                                                                                                                                                                                                                                                                                                                                                                                                                                                                                                                                                                                                                                                                                                                                                                                                                                                                                                                                                                                                                                                                                                                                                                                                                                                                                                                                                                                                                                                                                                                                                                                                                                                                                                                                                                                                                                                                                                                                                                                                                                                                                                                                                                                                                                                                                                                                                                                                                                                                                                                                                                                                                                                                                                                                                                                                                                                                                                                                                                                                                                                                                                                                                                                                                                                                                                                                                                                                                                                                                                                                                                                                                                                                                                                                                                                                                                                                                                                                                                                                                                                                                                                                                                                                                                                                                                                                                                                                                                                                                                                                                                                                                                                                                                                                                                                                                                                                                                                                                                                                                                                                                                                                                                                                                                                                                           
-----------------------------------------------------------------------------------------------------------------------------------------------------------------------------------------------------------------------------------------------------------------------------------------------------------------------------------------------------------------------------------------------------------------------------------------------------------------------------------------------------------------------------------------------------------------------------------------------------------------------------------------------------------------------------------------------------------------------------------------------------------------------------------------------------------------------------------------------------------------------------------------------------------------------------------------------------------------------------------------------------------------------------------------------------------------------------------------------------------------------------------------------------------------------------------------------------------------------------------------------------------------------------------------------------------------------------------------------------------------------------------------------------------------------------------------------------------------------------------------------------------------------------------------------------------------------------------------------------------------------------------------------------------------------------------------------------------------------------------------------------------------------------------------------------------------------------------------------------------------------------------------------------------------------------------------------------------------------------------------------------------------------------------------------------------------------------------------------------------------------------------------------------------------------------------------------------------------------------------------------------------------------------------------------------------------------------------------------------------------------------------------------------------------------------------------------------------------------------------------------------------------------------------------------------------------------------------------------------------------------------------------------------------------------------------------------------------------------------------------------------------------------------------------------------------------------------------------------------------------------------------------------------------------------------------------------------------------------------------------------------------------------------------------------------------------------------------------------------------------------------------------------------------------------------------------------------------------------------------------------------------------------------------------------------------------------------------------------------------------------------------------------------------------------------------------------------------------------------------------------------------------------------------------------------------------------------------------------------------------------------------------------------------------------------------------------------------------------------------------------------------------------------------------------------------------------------------------------------------------------------------------------------------------------------------------------------------------------------------------------------------------------------------------------------------------------------------------------------------------------------------------------------------------------------------------------------------------------------------------------------------------------------------------------------------------------------------------------------------------------------------------------------------------------------------------------------------------------------------------------------------------------------------------------------------------------------------------------------------------------------------------------------------------------------------------------------------------------------------------------------------------------------------------------------------------------------------------------------------------------------------------------------------------------------------------------------------------------------------------------------------------------------------------------------------------------------------------------------------------------------------------------------------------------------------------------------------------------------------------------------------------------------------------------------------------------------------------------------------------------------------------------------------------------------------------------------------------------------------------------------------------------------------------------------------------------------------------------------------------------------------------------------------------------------------------------------------------------------------------------------------------------------------------------------------------------------------------------------------------------------------------------------------------------------------------------------------------------------------------------------------------------------------------------------------------------------------------------------------------------------------------------------------------------------------------------------------------------------------------------------------------------------------------------------------------------------------------------------------------------------------------------------------------------------------------------------------------------------------------------------------------------------------------------------------------------------------------------------------------------------------------------------------------------------------------------------------------------------------------------------------------------------------------------------------------------------------------------------------------------------------------------------------------------------------------------------------------------------------------------------------------------------------------------------------------------------------------------------------------------------------------------------------------------------------------------------------------------------------------------------------------------------------------------------------------------------------------------------------------------------------------------------------------------------------------------------------------------------------------------------------------------------------------------------------------------------------------------------------------------------------------------------------------------------------------------------------------------------------------------------------------------------------------------------------------------------------------------------------------------------------------------------------------------------------------------------------------------------------------------------------------------------------------------------------------------------------------------------------------------------------------------------------------------------------------------------------------------------------------------------------------------------------------------------------------------------------------------------------------------------------------------------------------------------------------------------------------------------------------------------------------------------------------------------------------------------------------------------------------------------------------------------------------------------------------------------------------------------------------------------------------------------------------------------------------------------------------------------------------------------------------------------------------------------------------------------------------------------------------------------------------------------------------------------------------------------------------------------------------------------------------------------------------------------------------------------------------------------------------------------------------------------------------------------------------------------------------------------------------------------------------------------------------------------------------------------------------------------------------------------------------------------------------------------------------------------------------------------------------------------------------------------------------------------------------------------------------------------------------------------------------------------------------------------------------------------------------------------------------------------------------------------------------------------------------------------------------------------------------------------------------------------------------------------------------------------------------------------------------------------------------------------------------------------------------------------------------------------------------------------------------------------------------------------------------------------------------------------------------------------------------------------------------------------------------------------------------------------------------------------------------------------------------------------------------------------------------------------------------------------------------------------------------------------------------------------------------------------------------------------------------------------------------------------------------------------------------------------------------------------------------------------------------------------------------------------------------------------------------------------------------------------------------------------------------------------------------------------------------------------------------------------------------------------------------------------------------------------------------------------------------------------------------------------------------------------------------------------------------------------------------------------------------------------------------------------------------------------------------------------------------------------------------------------------------------------------------------------------------------------------------------------------------------------------------------------------------------------------------------------------------------------------------------------------------------------------------------------------------------------------------------------------------------------------------------------------------------------------------------------------------------------------------------------------------------------------------------------------------------------------------------------------------------------------------------------------------------------------------------------------------------------------------------------------------------------------------------------------------------------------------------------------------------------------------------------------------------------------------------------------------------------------------------------------------------------------------------------------------------------------------------------------------------------------------------------------------------------------------------------------------------------------------------------------------------------------------------------------------------------------------------------------------------------------------------------------------------------------------------------------------------------------------------------------------------------------------------------------------------------------------------------------------------------------------------------------------------------------------------------------------------------------------------------------------------------------------------------------------------------------------------------------------------------------------------------------------------------------------------------------------------------------------------------------------------------------------------------------------------------------------------------------------------------------------------------------------------------------------------------------------------------------------------------------------------------------------------------------------------------------------------------------------------------------------------------------------------------------------------------------------------------------------------------------------------------------------------------------------------------------------------------------------------------------------------------------------------------------------------------------------------------------------------
 Limit  (cost=1334.53..1379.08 rows=20 width=24) (actual time=0.776..1.155 rows=20 loops=1)
   Buffers: shared hit=315 read=42
   ->  Index Scan using idx_chunk_embedding on document_chunk  (cost=1334.53..224110.00 rows=100000 width=24) (actual time=0.776..1.152 rows=20 loops=1)
         Order By: (embedding <=> '[0.882225,0.886998,0.891686,0.896286,0.900798,0.905221,0.909553,0.913795,0.917943,0.921998,0.925959,0.929824,0.933593,0.937264,0.940837,0.944311,0.947685,0.950957,0.954128,0.957197,0.960162,0.963023,0.965779,0.968429,0.970974,0.973411,0.975741,0.977963,0.980077,0.982081,0.983975,0.98576,0.987433,0.988996,0.990447,0.991787,0.993014,0.994128,0.99513,0.996019,0.996794,0.997455,0.998003,0.998437,0.998757,0.998963,0.999055,0.999032,0.998895,0.998643,0.998278,0.997798,0.997204,0.996496,0.995674,0.994739,0.99369,0.992528,0.991252,0.989865,0.988364,0.986752,0.985028,0.983193,0.981247,0.97919,0.977024,0.974748,0.972363,0.96987,0.967269,0.964561,0.961746,0.958826,0.955801,0.952671,0.949437,0.9461,0.942661,0.939121,0.935481,0.931741,0.927902,0.923965,0.919931,0.915802,0.911577,0.907259,0.902847,0.898344,0.89375,0.889066,0.884294,0.879435,0.874489,0.869458,0.864343,0.859145,0.853867,0.848508,0.84307,0.837554,0.831963,0.826296,0.820556,0.814744,0.808861,0.802909,0.796889,0.790802,0.78465,0.778435,0.772158,0.76582,0.759423,0.752969,0.746458,0.739894,0.733276,0.726607,0.719889,0.713123,0.70631,0.699452,0.692552,0.685609,0.678627,0.671607,0.66455,0.657459,0.650335,0.643179,0.635993,0.62878,0.62154,0.614276,0.606989,0.59968,0.592353,0.585008,0.577648,0.570273,0.562886,0.555488,0.548082,0.540669,0.53325,0.525828,0.518404,0.510981,0.503559,0.49614,0.488727,0.481321,0.473924,0.466538,0.459164,0.451803,0.444459,0.437132,0.429825,0.422538,0.415275,0.408035,0.400822,0.393637,0.386481,0.379356,0.372264,0.365207,0.358186,0.351202,0.344258,0.337355,0.330495,0.323679,0.316909,0.310186,0.303512,0.296889,0.290318,0.2838,0.277338,0.270932,0.264584,0.258296,0.252068,0.245903,0.239802,0.233766,0.227796,0.221895,0.216062,0.210301,0.204611,0.198994,0.193452,0.187985,0.182596,0.177284,0.172052,0.166901,0.161831,0.156843,0.15194,0.147122,0.142389,0.137744,0.133187,0.128718,0.12434,0.120053,0.115858,0.111755,0.107746,0.103832,0.100013,0.096291,0.092665,0.089137,0.085707,0.082377,0.079146,0.076016,0.072987,0.070059,0.067234,0.064512,0.061893,0.059378,0.056968,0.054662,0.052461,0.050366,0.048377,0.046494,0.044718,0.043049,0.041487,0.040033,0.038686,0.037447,0.036316,0.035293,0.034378,0.033571,0.032873,0.032283,0.031802,0.031428,0.031163,0.031006,0.030958,0.031017,0.031183,0.031458,0.03184,0.032328,0.032924,0.033626,0.034434,0.035348,0.036368,0.037493,0.038722,0.040055,0.041493,0.043033,0.044676,0.046421,0.048268,0.050216,0.052264,0.054411,0.056658,0.059003,0.061446,0.063985,0.066621,0.069352,0.072177,0.075096,0.078108,0.081212,0.084407,0.087691,0.091065,0.094528,0.098077,0.101713,0.105434,0.109239,0.113127,0.117097,0.121149,0.125279,0.129489,0.133776,0.13814,0.142578,0.147091,0.151677,0.156333,0.161061,0.165857,0.170721,0.175651,0.180646,0.185706,0.190827,0.19601,0.201252,0.206553,0.211911,0.217324,0.222792,0.228312,0.233884,0.239505,0.245175,0.250891,0.256653,0.262459,0.268308,0.274198,0.280127,0.286094,0.292097,0.298136,0.304207,0.310311,0.316445,0.322608,0.328798,0.335013,0.341253,0.347516,0.353799,0.360102,0.366422,0.372759,0.379111,0.385476,0.391852,0.398239,0.404634,0.411035,0.417443,0.423853,0.430266,0.43668,0.443093,0.449503,0.455909,0.46231,0.468704,0.475089,0.481463,0.487827,0.494176,0.500512,0.506831,0.513132,0.519414,0.525675,0.531914,0.53813,0.544321,0.550485,0.556621,0.562727,0.568803,0.574847,0.580857,0.586832,0.592771,0.598673,0.604535,0.610357,0.616137,0.621874,0.627567,0.633215,0.638815,0.644368,0.649872,0.655325,0.660726,0.666075,0.671369,0.676609,0.681792,0.686918,0.691985,0.696993,0.70194,0.706825,0.711648,0.716407,0.721101,0.72573,0.730292,0.734787,0.739213,0.74357,0.747856,0.752072,0.756216,0.760287,0.764284,0.768208,0.772056,0.775829,0.779525,0.783144,0.786686,0.790149,0.793533,0.796838,0.800062,0.803206,0.806268,0.809249,0.812147,0.814963,0.817696,0.820345,0.82291,0.825391,0.827787,0.830098,0.832324,0.834465,0.83652,0.838488,0.840371,0.842167,0.843876,0.845499,0.847035,0.848484,0.849846,0.851121,0.852309,0.853409,0.854423,0.85535,0.85619,0.856942,0.857609,0.858188,0.858681,0.859088,0.859409,0.859644,0.859793,0.859857,0.859835,0.859729,0.859539,0.859265,0.858906,0.858465,0.85794,0.857333,0.856644,0.855874,0.855022,0.85409,0.853078,0.851986,0.850816,0.849567,0.848241,0.846837,0.845357,0.843801,0.84217,0.840465,0.838686,0.836834,0.83491,0.832915,0.830848,0.828713,0.826508,0.824234,0.821894,0.819487,0.817014,0.814477,0.811876,0.809212,0.806486,0.803698,0.800851,0.797945,0.794981,0.791959,0.788882,0.785749,0.782562,0.779322,0.776031,0.772688,0.769296,0.765854,0.762365,0.75883,0.755249,0.751623,0.747955,0.744244,0.740492,0.736701,0.732871,0.729003,0.725099,0.72116,0.717186,0.71318,0.709142,0.705074,0.700977,0.696851,0.692698,0.68852,0.684318,0.680092,0.675844,0.671575,0.667286,0.662979,0.658655,0.654314,0.649959,0.64559,0.641209,0.636817,0.632414,0.628003,0.623584,0.619159,0.614728,0.610294,0.605856,0.601417,0.596978,0.592539,0.588102,0.583668,0.579238,0.574813,0.570395,0.565985,0.561583,0.557191,0.55281,0.548441,0.544085,0.539744,0.535418,0.531108,0.526816,0.522542,0.518288,0.514055,0.509843,0.505654,0.501488,0.497347,0.493232,0.489143,0.485082,0.481049,0.477046,0.473074,0.469132,0.465223,0.461346,0.457504,0.453696,0.449924,0.446188,0.44249,0.438829,0.435208,0.431626,0.428084,0.424584,0.421125,0.417708,0.414335,0.411006,0.407722,0.404482,0.401288,0.398141,0.395041,0.391988,0.388984,0.386028,0.383121,0.380264,0.377458,0.374702,0.371997,0.369344,0.366743,0.364194,0.361698,0.359256,0.356867,0.354532,0.352251,0.350024,0.347853,0.345736,0.343675,0.341669,0.339719,0.337825,0.335987,0.334206,0.332481,0.330812,0.3292,0.327645,0.326147,0.324705,0.323321,0.321993,0.320722,0.319509,0.318352,0.317252,0.316208,0.315222,0.314292,0.313418,0.312601,0.31184,0.311135,0.310485,0.309892,0.309353,0.30887,0.308442,0.308068,0.307749,0.307484,0.307273,0.307115,0.30701,0.306957,0.306957,0.30701,0.307113,0.307268,0.307473,0.307729,0.308035,0.30839,0.308793,0.309246,0.309745,0.310293,0.310887,0.311527,0.312213,0.312944,0.31372,0.31454,0.315403,0.316308,0.317256,0.318245,0.319275,0.320346,0.321455,0.322604,0.32379,0.325015,0.326275,0.327572,0.328904,0.330271,0.331672,0.333106,0.334572,0.33607,0.337598,0.339157,0.340745,0.342361,0.344006,0.345677,0.347375,0.349097,0.350845,0.352616,0.35441,0.356227,0.358064,0.359923,0.361801,0.363697,0.365612,0.367544,0.369493,0.371457,0.373436,0.375429,0.377435,0.379453,0.381482,0.383522,0.385572,0.387631,0.389698,0.391772,0.393853,0.39594,0.398031,0.400126,0.402225,0.404326,0.406428,0.408532,0.410635,0.412738,0.414839,0.416938,0.419033,0.421125,0.423212,0.425294,0.427369,0.429438,0.431499,0.433551,0.435595,0.437629,0.439652,0.441664,0.443664,0.445651,0.447625,0.449585,0.451531,0.453461,0.455376,0.457273,0.459154,0.461017,0.462862,0.464687,0.466493,0.468279,0.470044,0.471788,0.473511,0.475211,0.476888,0.478542,0.480172,0.481778,0.483359,0.484915,0.486445,0.487949,0.489427,0.490878,0.492302,0.493698,0.495066,0.496405,0.497716,0.498998,0.50025,0.501473,0.502666,0.503829,0.504961,0.506063,0.507133,0.508173,0.509181,0.510158,0.511103,0.512016,0.512897,0.513746,0.514562,0.515346,0.516098,0.516817,0.517504,0.518158,0.518779,0.519368,0.519923,0.520447,0.520937,0.521395,0.52182,0.522213,0.522573,0.522901,0.523196,0.52346,0.523691,0.523891,0.524059,0.524196,0.524301,0.524375,0.524418,0.52443,0.524412,0.524364,0.524285,0.524177,0.52404,0.523874,0.523679,0.523455,0.523203,0.522924,0.522617,0.522283,0.521923,0.521536,0.521123,0.520686,0.520223,0.519735,0.519223,0.518688,0.51813,0.517548,0.516945,0.51632,0.515674,0.515007,0.514319,0.513612,0.512886,0.512142,0.511379,0.510599,0.509802,0.508989,0.50816,0.507316,0.506458,0.505585,0.504699,0.503801,0.50289,0.501968,0.501035,0.500092,0.49914,0.498178,0.497209,0.496231,0.495247,0.494257,0.49326,0.492259,0.491254,0.490245,0.489234,0.488219,0.487204,0.486187,0.485171,0.484154,0.483139,0.482126,0.481115,0.480108,0.479104,0.478105,0.477111,0.476123,0.475141,0.474167,0.473201,0.472243,0.471295,0.470357,0.469429,0.468512,0.467607,0.466715,0.465836,0.464971,0.46412,0.463285,0.462465,0.461662,0.460875,0.460106,0.459355,0.458623,0.457911,0.457218,0.456546,0.455895,0.455265,0.454658,0.454074,0.453512,0.452975,0.452462,0.451974,0.451511,0.451074,0.450663,0.450279,0.449923,0.449594,0.449293,0.449021,0.448778,0.448564,0.448381,0.448227,0.448104,0.448012,0.447951,0.447922,0.447925,0.447961,0.448028,0.448129,0.448263,0.448431,0.448632,0.448867,0.449137,0.449441,0.449779,0.450152,0.450561,0.451004,0.451483,0.451997,0.452547,0.453132,0.453753,0.45441,0.455103,0.455832,0.456597,0.457398,0.458235,0.459108,0.460017,0.460962,0.461943,0.46296,0.464013,0.465101,0.466225,0.467385,0.468579,0.469809,0.471074,0.472374,0.473708,0.475077,0.47648,0.477917,0.479388,0.480892,0.48243,0.484,0.485603,0.487238,0.488905,0.490603,0.492333,0.494093,0.495884,0.497705,0.499556,0.501436,0.503344,0.505281,0.507245,0.509237,0.511255,0.5133,0.51537,0.517466,0.519587,0.521731,0.523899,0.52609,0.528303,0.530538,0.532795,0.535071,0.537368,0.539684,0.542018,0.54437,0.546739,0.549125,0.551526,0.553943,0.556374,0.558818,0.561276,0.563745,0.566226,0.568717,0.571219,0.573729,0.576247,0.578773,0.581306,0.583844,0.586388,0.588936,0.591486,0.59404,0.596595,0.599151,0.601707,0.604262,0.606815,0.609366,0.611913,0.614456,0.616994,0.619525,0.62205,0.624567,0.627074,0.629573,0.63206,0.634536,0.637,0.639451,0.641887,0.644309,0.646714,0.649103,0.651473,0.653826,0.656158,0.658471,0.660762,0.663031,0.665276,0.667498,0.669695,0.671866,0.674011,0.676128,0.678217,0.680276,0.682306,0.684305,0.686271,0.688206,0.690106,0.691973,0.693804,0.6956,0.697359,0.69908,0.700763,0.702407,0.704011,0.705574,0.707096,0.708576,0.710013,0.711406,0.712755,0.714058,0.715316,0.716528,0.717692,0.718808,0.719876,0.720895,0.721864,0.722783,0.72365,0.724466,0.72523,0.72594,0.726598,0.727201,0.727751,0.728245,0.728683,0.729066,0.729392,0.729662,0.729874,0.730028,0.730124,0.730161,0.73014,0.730059,0.729918,0.729717,0.729456,0.729134,0.728752,0.728307,0.727802,0.727234,0.726605,0.725913,0.725159,0.724343,0.723464,0.722522,0.721517,0.720449,0.719318,0.718123,0.716866,0.715545,0.71416,0.712713,0.711202,0.709629,0.707992,0.706292,0.704529,0.702703,0.700814,0.698864,0.69685,0.694775,0.692638,0.690439,0.688178,0.685856,0.683474,0.681031,0.678528,0.675965,0.673342,0.67066,0.66792,0.665121,0.662264,0.65935,0.656379,0.653352,0.650269,0.64713,0.643936,0.640689,0.637387,0.634033,0.630626,0.627167,0.623657,0.620096,0.616486,0.612827,0.609119,0.605364,0.601562,0.597714,0.59382,0.589882,0.5859,0.581876,0.577809,0.573702,0.569554,0.565367,0.561141,0.556878,0.552579,0.548243,0.543874,0.53947,0.535034,0.530566,0.526068,0.52154,0.516983,0.512399,0.507789,0.503153,0.498493,0.49381,0.489105,0.484379,0.479633,0.474869,0.470087,0.465289,0.460475,0.455648,0.450808,0.445956,0.441094,0.436223,0.431344,0.426459,0.421568,0.416672,0.411774,0.406874,0.401973,0.397073,0.392176,0.387281,0.382391,0.377507,0.37263,0.367762,0.362903,0.358055,0.35322,0.348398,0.343591,0.3388,0.334027,0.329272,0.324537,0.319824,0.315133,0.310466,0.305824,0.301208,0.296621,0.292062,0.287534,0.283037,0.278573,0.274143,0.269748,0.26539,0.26107,0.256788,0.252547,0.248348,0.244191,0.240078,0.236011,0.231989,0.228016,0.224091,0.220216,0.216392,0.21262,0.208901,0.205237,0.201629,0.198077,0.194583,0.191148,0.187773,0.184458,0.181206,0.178018,0.174893,0.171833,0.16884,0.165913,0.163055,0.160266,0.157546,0.154898,0.152321,0.149817,0.147387,0.145031,0.14275,0.140546,0.138418,0.136368,0.134396,0.132504,0.130691,0.128959,0.127309,0.12574,0.124254,0.122852,0.121533,0.120299,0.11915,0.118086,0.117109,0.116218,0.115415,0.114699,0.114072,0.113533,0.113083,0.112722,0.112451,0.11227,0.112179,0.112179,0.112271,0.112453,0.112726,0.113092,0.113549,0.114098,0.114739,0.115472,0.116298,0.117216,0.118227,0.11933,0.120525,0.121813,0.123193,0.124665,0.12623,0.127887,0.129635,0.131476,0.133408,0.135431,0.137545,0.13975,0.142046,0.144432,0.146908,0.149473,0.152127,0.154871,0.157702,0.160621,0.163628,0.166721,0.169901,0.173167,0.176517,0.179953,0.183472,0.187075,0.19076,0.194527,0.198376,0.202305,0.206314,0.210402,0.214568,0.218811,0.223131,0.227527,0.231997,0.236542,0.241159,0.245849,0.250609,0.25544,0.260339,0.265307,0.270342,0.275442,0.280608,0.285837,0.291129,0.296482,0.301895,0.307368,0.312899,0.318486,0.324129,0.329826,0.335577,0.341379,0.347231,0.353133,0.359082,0.365078,0.371119,0.377204,0.383331,0.389499,0.395707,0.401953,0.408235,0.414553,0.420905,0.427289,0.433704,0.440149,0.446622,0.45312,0.459644,0.466191,0.47276,0.47935,0.485958,0.492583,0.499224,0.505879,0.512547,0.519225,0.525913,0.532608,0.539309,0.546015,0.552724,0.559434,0.566144,0.572852,0.579556,0.586255,0.592948,0.599632,0.606305,0.612968,0.619616,0.62625,0.632867,0.639467,0.646046,0.652604,0.659139,0.665649,0.672133,0.678589,0.685015,0.691411,0.697774,0.704102,0.710395,0.71665,0.722867,0.729043,0.735177,0.741267,0.747312,0.75331,0.759261,0.765161,0.77101,0.776807,0.78255,0.788237,0.793866,0.799438,0.804949,0.810399,0.815787,0.82111,0.826367,0.831558,0.836681,0.841734,0.846716,0.851626,0.856462,0.861224,0.86591,0.870519,0.875049,0.8795,0.88387,0.888158,0.892363,0.896483,0.900519,0.904468,0.908329,0.912102,0.915786,0.919379,0.92288,0.926289,0.929605,0.932826,0.935952,0.938982,0.941915,0.944751,0.947487,0.950125,0.952662,0.955099,0.957434,0.959666,0.961796,0.963823,0.965745,0.967563,0.969275,0.970882,0.972382,0.973776,0.975062,0.976241,0.977311,0.978274,0.979127,0.979871,0.980506,0.981031,0.981447,0.981752,0.981946,0.982031,0.982004,0.981867,0.981619,0.98126,0.980791,0.98021,0.979518,0.978716,0.977803,0.976779,0.975645,0.9744,0.973045,0.97158,0.970006,0.968322,0.966529,0.964627,0.962617,0.960499,0.958273]'::vector)
         Filter: (kb_id = 90001)
         Buffers: shared hit=315 read=42
 Planning:
   Buffers: shared hit=345 read=25 dirtied=1
 Planning Time: 3.180 ms
 Execution Time: 1.180 ms
(10 rows)

Time: 5.321 ms
DROP INDEX
Time: 17.807 ms
DROP INDEX
Time: 0.104 ms
psql:<stdin>:19: NOTICE:  index "idx_bench_chunk_embedding_hnsw" does not exist, skipping
psql:<stdin>:20: NOTICE:  index "idx_bench_chunk_embedding_ivf_100" does not exist, skipping
DROP INDEX
Time: 0.120 ms
psql:<stdin>:24: NOTICE:  hnsw graph no longer fits into maintenance_work_mem after 9218 tuples
DETAIL:  Building will take significantly more time.
HINT:  Increase maintenance_work_mem to speed up builds.
CREATE INDEX
Time: 22276.679 ms (00:22.277)
ANALYZE
Time: 637.345 ms
SET
Time: 0.110 ms
                                                                                                                                                                                                                                                                                                                                                                                                                                                                                                                                                                                                                                                                                                                                                                                                                                                                                                                                                                                                                                                                                                                                                                                                                                                                                                                                                                                                                                                                                                                                                                                                                                                                                                                                                                                                                                                                                                                                                                                                                                                                                                                                                                                                                                                                                                                                                                                                                                                                                                                                                                                                                                                                                                                                                                                                                                                                                                                                                                                                                                                                                                                                                                                                                                                                                                                                                                                                                                                                                                                                                                                                                                                                                                                                                                                                                                                                                                                                                                                                                                                                                                                                                                                                                                                                                                                                                                                                                                                                                                                                                                                                                                                                                                                                                                                                                                                                                                                                                                                                                                                                                                                                                                                                                                                                                                                                                                                                                                                                                                                                                                                                                                                                                                                                                                                                                                                                                                                                                                                                                                                                                                                                                                                                                                                                                                                                                                                                                                                                                                                                                                                                                                                                                                                                                                                                                                                                                                                                                                                                                                                                                                                                          QUERY PLAN                                                                                                                                                                                                                                                                                                                                                                                                                                                                                                                                                                                                                                                                                                                                                                                                                                                                                                                                                                                                                                                                                                                                                                                                                                                                                                                                                                                                                                                                                                                                                                                                                                                                                                                                                                                                                                                                                                                                                                                                                                                                                                                                                                                                                                                                                                                                                                                                                                                                                                                                                                                                                                                                                                                                                                                                                                                                                                                                                                                                                                                                                                                                                                                                                                                                                                                                                                                                                                                                                                                                                                                                                                                                                                                                                                                                                                                                                                                                                                                                                                                                                                                                                                                                                                                                                                                                                                                                                                                                                                                                                                                                                                                                                                                                                                                                                                                                                                                                                                                                                                                                                                                                                                                                                                                                                                                                                                                                                                                                                                                                                                                                                                                                                                                                                                                                                                                                                                                                                                                                                                                                                                                                                                                                                                                                                                                                                                                                                                                                                                                                                                                                                                                                                                                                                                                                                                                                                                                                                                                                                                                                                                                                           
-----------------------------------------------------------------------------------------------------------------------------------------------------------------------------------------------------------------------------------------------------------------------------------------------------------------------------------------------------------------------------------------------------------------------------------------------------------------------------------------------------------------------------------------------------------------------------------------------------------------------------------------------------------------------------------------------------------------------------------------------------------------------------------------------------------------------------------------------------------------------------------------------------------------------------------------------------------------------------------------------------------------------------------------------------------------------------------------------------------------------------------------------------------------------------------------------------------------------------------------------------------------------------------------------------------------------------------------------------------------------------------------------------------------------------------------------------------------------------------------------------------------------------------------------------------------------------------------------------------------------------------------------------------------------------------------------------------------------------------------------------------------------------------------------------------------------------------------------------------------------------------------------------------------------------------------------------------------------------------------------------------------------------------------------------------------------------------------------------------------------------------------------------------------------------------------------------------------------------------------------------------------------------------------------------------------------------------------------------------------------------------------------------------------------------------------------------------------------------------------------------------------------------------------------------------------------------------------------------------------------------------------------------------------------------------------------------------------------------------------------------------------------------------------------------------------------------------------------------------------------------------------------------------------------------------------------------------------------------------------------------------------------------------------------------------------------------------------------------------------------------------------------------------------------------------------------------------------------------------------------------------------------------------------------------------------------------------------------------------------------------------------------------------------------------------------------------------------------------------------------------------------------------------------------------------------------------------------------------------------------------------------------------------------------------------------------------------------------------------------------------------------------------------------------------------------------------------------------------------------------------------------------------------------------------------------------------------------------------------------------------------------------------------------------------------------------------------------------------------------------------------------------------------------------------------------------------------------------------------------------------------------------------------------------------------------------------------------------------------------------------------------------------------------------------------------------------------------------------------------------------------------------------------------------------------------------------------------------------------------------------------------------------------------------------------------------------------------------------------------------------------------------------------------------------------------------------------------------------------------------------------------------------------------------------------------------------------------------------------------------------------------------------------------------------------------------------------------------------------------------------------------------------------------------------------------------------------------------------------------------------------------------------------------------------------------------------------------------------------------------------------------------------------------------------------------------------------------------------------------------------------------------------------------------------------------------------------------------------------------------------------------------------------------------------------------------------------------------------------------------------------------------------------------------------------------------------------------------------------------------------------------------------------------------------------------------------------------------------------------------------------------------------------------------------------------------------------------------------------------------------------------------------------------------------------------------------------------------------------------------------------------------------------------------------------------------------------------------------------------------------------------------------------------------------------------------------------------------------------------------------------------------------------------------------------------------------------------------------------------------------------------------------------------------------------------------------------------------------------------------------------------------------------------------------------------------------------------------------------------------------------------------------------------------------------------------------------------------------------------------------------------------------------------------------------------------------------------------------------------------------------------------------------------------------------------------------------------------------------------------------------------------------------------------------------------------------------------------------------------------------------------------------------------------------------------------------------------------------------------------------------------------------------------------------------------------------------------------------------------------------------------------------------------------------------------------------------------------------------------------------------------------------------------------------------------------------------------------------------------------------------------------------------------------------------------------------------------------------------------------------------------------------------------------------------------------------------------------------------------------------------------------------------------------------------------------------------------------------------------------------------------------------------------------------------------------------------------------------------------------------------------------------------------------------------------------------------------------------------------------------------------------------------------------------------------------------------------------------------------------------------------------------------------------------------------------------------------------------------------------------------------------------------------------------------------------------------------------------------------------------------------------------------------------------------------------------------------------------------------------------------------------------------------------------------------------------------------------------------------------------------------------------------------------------------------------------------------------------------------------------------------------------------------------------------------------------------------------------------------------------------------------------------------------------------------------------------------------------------------------------------------------------------------------------------------------------------------------------------------------------------------------------------------------------------------------------------------------------------------------------------------------------------------------------------------------------------------------------------------------------------------------------------------------------------------------------------------------------------------------------------------------------------------------------------------------------------------------------------------------------------------------------------------------------------------------------------------------------------------------------------------------------------------------------------------------------------------------------------------------------------------------------------------------------------------------------------------------------------------------------------------------------------------------------------------------------------------------------------------------------------------------------------------------------------------------------------------------------------------------------------------------------------------------------------------------------------------------------------------------------------------------------------------------------------------------------------------------------------------------------------------------------------------------------------------------------------------------------------------------------------------------------------------------------------------------------------------------------------------------------------------------------------------------------------------------------------------------------------------------------------------------------------------------------------------------------------------------------------------------------------------------------------------------------------------------------------------------------------------------------------------------------------------------------------------------------------------------------------------------------------------------------------------------------------------------------------------------------------------------------------------------------------------------------------------------------------------------------------------------------------------------------------------------------------------------------------------------------------------------------------------------------------------------------------------------------------------------------------------------------------------------------------------------------------------------------------------------------------------------------------------------------------------------------------------------------------------------------------------------------------------------------------------------------------------------------------------------------------------------------------------------------------------------------------------------------------------------------------------------------------------------------------------------------------------------------------------------------------------------------------------------------------------------------------------------------------------------------------------------------------------------------------------------------------------------------------------------------------------------------------------------------------------------------------------------------------------------------------------------------------------------------------------------------------------------------------------------------------------------------------------------------------------------------------------------------------------------------------------------------------------------------------------------------------------------------------------------------------------------------------------------------------------------------------------------------------------------------------------------------------------------------------------------------------------------------------------------------------------------------------------------------------------------------------------------------------------------------------------------------------------------------------------------------------------------------------------------------------------------------------------------------------------------------------------------------------------------------------------------------------------------------------------------
 Limit  (cost=1740.95..1797.25 rows=20 width=24) (actual time=0.202..0.300 rows=20 loops=1)
   Buffers: shared hit=332 read=36
   ->  Index Scan using idx_bench_chunk_embedding_hnsw on document_chunk  (cost=1740.95..283230.00 rows=100000 width=24) (actual time=0.202..0.299 rows=20 loops=1)
         Order By: (embedding <=> '[0.882225,0.886998,0.891686,0.896286,0.900798,0.905221,0.909553,0.913795,0.917943,0.921998,0.925959,0.929824,0.933593,0.937264,0.940837,0.944311,0.947685,0.950957,0.954128,0.957197,0.960162,0.963023,0.965779,0.968429,0.970974,0.973411,0.975741,0.977963,0.980077,0.982081,0.983975,0.98576,0.987433,0.988996,0.990447,0.991787,0.993014,0.994128,0.99513,0.996019,0.996794,0.997455,0.998003,0.998437,0.998757,0.998963,0.999055,0.999032,0.998895,0.998643,0.998278,0.997798,0.997204,0.996496,0.995674,0.994739,0.99369,0.992528,0.991252,0.989865,0.988364,0.986752,0.985028,0.983193,0.981247,0.97919,0.977024,0.974748,0.972363,0.96987,0.967269,0.964561,0.961746,0.958826,0.955801,0.952671,0.949437,0.9461,0.942661,0.939121,0.935481,0.931741,0.927902,0.923965,0.919931,0.915802,0.911577,0.907259,0.902847,0.898344,0.89375,0.889066,0.884294,0.879435,0.874489,0.869458,0.864343,0.859145,0.853867,0.848508,0.84307,0.837554,0.831963,0.826296,0.820556,0.814744,0.808861,0.802909,0.796889,0.790802,0.78465,0.778435,0.772158,0.76582,0.759423,0.752969,0.746458,0.739894,0.733276,0.726607,0.719889,0.713123,0.70631,0.699452,0.692552,0.685609,0.678627,0.671607,0.66455,0.657459,0.650335,0.643179,0.635993,0.62878,0.62154,0.614276,0.606989,0.59968,0.592353,0.585008,0.577648,0.570273,0.562886,0.555488,0.548082,0.540669,0.53325,0.525828,0.518404,0.510981,0.503559,0.49614,0.488727,0.481321,0.473924,0.466538,0.459164,0.451803,0.444459,0.437132,0.429825,0.422538,0.415275,0.408035,0.400822,0.393637,0.386481,0.379356,0.372264,0.365207,0.358186,0.351202,0.344258,0.337355,0.330495,0.323679,0.316909,0.310186,0.303512,0.296889,0.290318,0.2838,0.277338,0.270932,0.264584,0.258296,0.252068,0.245903,0.239802,0.233766,0.227796,0.221895,0.216062,0.210301,0.204611,0.198994,0.193452,0.187985,0.182596,0.177284,0.172052,0.166901,0.161831,0.156843,0.15194,0.147122,0.142389,0.137744,0.133187,0.128718,0.12434,0.120053,0.115858,0.111755,0.107746,0.103832,0.100013,0.096291,0.092665,0.089137,0.085707,0.082377,0.079146,0.076016,0.072987,0.070059,0.067234,0.064512,0.061893,0.059378,0.056968,0.054662,0.052461,0.050366,0.048377,0.046494,0.044718,0.043049,0.041487,0.040033,0.038686,0.037447,0.036316,0.035293,0.034378,0.033571,0.032873,0.032283,0.031802,0.031428,0.031163,0.031006,0.030958,0.031017,0.031183,0.031458,0.03184,0.032328,0.032924,0.033626,0.034434,0.035348,0.036368,0.037493,0.038722,0.040055,0.041493,0.043033,0.044676,0.046421,0.048268,0.050216,0.052264,0.054411,0.056658,0.059003,0.061446,0.063985,0.066621,0.069352,0.072177,0.075096,0.078108,0.081212,0.084407,0.087691,0.091065,0.094528,0.098077,0.101713,0.105434,0.109239,0.113127,0.117097,0.121149,0.125279,0.129489,0.133776,0.13814,0.142578,0.147091,0.151677,0.156333,0.161061,0.165857,0.170721,0.175651,0.180646,0.185706,0.190827,0.19601,0.201252,0.206553,0.211911,0.217324,0.222792,0.228312,0.233884,0.239505,0.245175,0.250891,0.256653,0.262459,0.268308,0.274198,0.280127,0.286094,0.292097,0.298136,0.304207,0.310311,0.316445,0.322608,0.328798,0.335013,0.341253,0.347516,0.353799,0.360102,0.366422,0.372759,0.379111,0.385476,0.391852,0.398239,0.404634,0.411035,0.417443,0.423853,0.430266,0.43668,0.443093,0.449503,0.455909,0.46231,0.468704,0.475089,0.481463,0.487827,0.494176,0.500512,0.506831,0.513132,0.519414,0.525675,0.531914,0.53813,0.544321,0.550485,0.556621,0.562727,0.568803,0.574847,0.580857,0.586832,0.592771,0.598673,0.604535,0.610357,0.616137,0.621874,0.627567,0.633215,0.638815,0.644368,0.649872,0.655325,0.660726,0.666075,0.671369,0.676609,0.681792,0.686918,0.691985,0.696993,0.70194,0.706825,0.711648,0.716407,0.721101,0.72573,0.730292,0.734787,0.739213,0.74357,0.747856,0.752072,0.756216,0.760287,0.764284,0.768208,0.772056,0.775829,0.779525,0.783144,0.786686,0.790149,0.793533,0.796838,0.800062,0.803206,0.806268,0.809249,0.812147,0.814963,0.817696,0.820345,0.82291,0.825391,0.827787,0.830098,0.832324,0.834465,0.83652,0.838488,0.840371,0.842167,0.843876,0.845499,0.847035,0.848484,0.849846,0.851121,0.852309,0.853409,0.854423,0.85535,0.85619,0.856942,0.857609,0.858188,0.858681,0.859088,0.859409,0.859644,0.859793,0.859857,0.859835,0.859729,0.859539,0.859265,0.858906,0.858465,0.85794,0.857333,0.856644,0.855874,0.855022,0.85409,0.853078,0.851986,0.850816,0.849567,0.848241,0.846837,0.845357,0.843801,0.84217,0.840465,0.838686,0.836834,0.83491,0.832915,0.830848,0.828713,0.826508,0.824234,0.821894,0.819487,0.817014,0.814477,0.811876,0.809212,0.806486,0.803698,0.800851,0.797945,0.794981,0.791959,0.788882,0.785749,0.782562,0.779322,0.776031,0.772688,0.769296,0.765854,0.762365,0.75883,0.755249,0.751623,0.747955,0.744244,0.740492,0.736701,0.732871,0.729003,0.725099,0.72116,0.717186,0.71318,0.709142,0.705074,0.700977,0.696851,0.692698,0.68852,0.684318,0.680092,0.675844,0.671575,0.667286,0.662979,0.658655,0.654314,0.649959,0.64559,0.641209,0.636817,0.632414,0.628003,0.623584,0.619159,0.614728,0.610294,0.605856,0.601417,0.596978,0.592539,0.588102,0.583668,0.579238,0.574813,0.570395,0.565985,0.561583,0.557191,0.55281,0.548441,0.544085,0.539744,0.535418,0.531108,0.526816,0.522542,0.518288,0.514055,0.509843,0.505654,0.501488,0.497347,0.493232,0.489143,0.485082,0.481049,0.477046,0.473074,0.469132,0.465223,0.461346,0.457504,0.453696,0.449924,0.446188,0.44249,0.438829,0.435208,0.431626,0.428084,0.424584,0.421125,0.417708,0.414335,0.411006,0.407722,0.404482,0.401288,0.398141,0.395041,0.391988,0.388984,0.386028,0.383121,0.380264,0.377458,0.374702,0.371997,0.369344,0.366743,0.364194,0.361698,0.359256,0.356867,0.354532,0.352251,0.350024,0.347853,0.345736,0.343675,0.341669,0.339719,0.337825,0.335987,0.334206,0.332481,0.330812,0.3292,0.327645,0.326147,0.324705,0.323321,0.321993,0.320722,0.319509,0.318352,0.317252,0.316208,0.315222,0.314292,0.313418,0.312601,0.31184,0.311135,0.310485,0.309892,0.309353,0.30887,0.308442,0.308068,0.307749,0.307484,0.307273,0.307115,0.30701,0.306957,0.306957,0.30701,0.307113,0.307268,0.307473,0.307729,0.308035,0.30839,0.308793,0.309246,0.309745,0.310293,0.310887,0.311527,0.312213,0.312944,0.31372,0.31454,0.315403,0.316308,0.317256,0.318245,0.319275,0.320346,0.321455,0.322604,0.32379,0.325015,0.326275,0.327572,0.328904,0.330271,0.331672,0.333106,0.334572,0.33607,0.337598,0.339157,0.340745,0.342361,0.344006,0.345677,0.347375,0.349097,0.350845,0.352616,0.35441,0.356227,0.358064,0.359923,0.361801,0.363697,0.365612,0.367544,0.369493,0.371457,0.373436,0.375429,0.377435,0.379453,0.381482,0.383522,0.385572,0.387631,0.389698,0.391772,0.393853,0.39594,0.398031,0.400126,0.402225,0.404326,0.406428,0.408532,0.410635,0.412738,0.414839,0.416938,0.419033,0.421125,0.423212,0.425294,0.427369,0.429438,0.431499,0.433551,0.435595,0.437629,0.439652,0.441664,0.443664,0.445651,0.447625,0.449585,0.451531,0.453461,0.455376,0.457273,0.459154,0.461017,0.462862,0.464687,0.466493,0.468279,0.470044,0.471788,0.473511,0.475211,0.476888,0.478542,0.480172,0.481778,0.483359,0.484915,0.486445,0.487949,0.489427,0.490878,0.492302,0.493698,0.495066,0.496405,0.497716,0.498998,0.50025,0.501473,0.502666,0.503829,0.504961,0.506063,0.507133,0.508173,0.509181,0.510158,0.511103,0.512016,0.512897,0.513746,0.514562,0.515346,0.516098,0.516817,0.517504,0.518158,0.518779,0.519368,0.519923,0.520447,0.520937,0.521395,0.52182,0.522213,0.522573,0.522901,0.523196,0.52346,0.523691,0.523891,0.524059,0.524196,0.524301,0.524375,0.524418,0.52443,0.524412,0.524364,0.524285,0.524177,0.52404,0.523874,0.523679,0.523455,0.523203,0.522924,0.522617,0.522283,0.521923,0.521536,0.521123,0.520686,0.520223,0.519735,0.519223,0.518688,0.51813,0.517548,0.516945,0.51632,0.515674,0.515007,0.514319,0.513612,0.512886,0.512142,0.511379,0.510599,0.509802,0.508989,0.50816,0.507316,0.506458,0.505585,0.504699,0.503801,0.50289,0.501968,0.501035,0.500092,0.49914,0.498178,0.497209,0.496231,0.495247,0.494257,0.49326,0.492259,0.491254,0.490245,0.489234,0.488219,0.487204,0.486187,0.485171,0.484154,0.483139,0.482126,0.481115,0.480108,0.479104,0.478105,0.477111,0.476123,0.475141,0.474167,0.473201,0.472243,0.471295,0.470357,0.469429,0.468512,0.467607,0.466715,0.465836,0.464971,0.46412,0.463285,0.462465,0.461662,0.460875,0.460106,0.459355,0.458623,0.457911,0.457218,0.456546,0.455895,0.455265,0.454658,0.454074,0.453512,0.452975,0.452462,0.451974,0.451511,0.451074,0.450663,0.450279,0.449923,0.449594,0.449293,0.449021,0.448778,0.448564,0.448381,0.448227,0.448104,0.448012,0.447951,0.447922,0.447925,0.447961,0.448028,0.448129,0.448263,0.448431,0.448632,0.448867,0.449137,0.449441,0.449779,0.450152,0.450561,0.451004,0.451483,0.451997,0.452547,0.453132,0.453753,0.45441,0.455103,0.455832,0.456597,0.457398,0.458235,0.459108,0.460017,0.460962,0.461943,0.46296,0.464013,0.465101,0.466225,0.467385,0.468579,0.469809,0.471074,0.472374,0.473708,0.475077,0.47648,0.477917,0.479388,0.480892,0.48243,0.484,0.485603,0.487238,0.488905,0.490603,0.492333,0.494093,0.495884,0.497705,0.499556,0.501436,0.503344,0.505281,0.507245,0.509237,0.511255,0.5133,0.51537,0.517466,0.519587,0.521731,0.523899,0.52609,0.528303,0.530538,0.532795,0.535071,0.537368,0.539684,0.542018,0.54437,0.546739,0.549125,0.551526,0.553943,0.556374,0.558818,0.561276,0.563745,0.566226,0.568717,0.571219,0.573729,0.576247,0.578773,0.581306,0.583844,0.586388,0.588936,0.591486,0.59404,0.596595,0.599151,0.601707,0.604262,0.606815,0.609366,0.611913,0.614456,0.616994,0.619525,0.62205,0.624567,0.627074,0.629573,0.63206,0.634536,0.637,0.639451,0.641887,0.644309,0.646714,0.649103,0.651473,0.653826,0.656158,0.658471,0.660762,0.663031,0.665276,0.667498,0.669695,0.671866,0.674011,0.676128,0.678217,0.680276,0.682306,0.684305,0.686271,0.688206,0.690106,0.691973,0.693804,0.6956,0.697359,0.69908,0.700763,0.702407,0.704011,0.705574,0.707096,0.708576,0.710013,0.711406,0.712755,0.714058,0.715316,0.716528,0.717692,0.718808,0.719876,0.720895,0.721864,0.722783,0.72365,0.724466,0.72523,0.72594,0.726598,0.727201,0.727751,0.728245,0.728683,0.729066,0.729392,0.729662,0.729874,0.730028,0.730124,0.730161,0.73014,0.730059,0.729918,0.729717,0.729456,0.729134,0.728752,0.728307,0.727802,0.727234,0.726605,0.725913,0.725159,0.724343,0.723464,0.722522,0.721517,0.720449,0.719318,0.718123,0.716866,0.715545,0.71416,0.712713,0.711202,0.709629,0.707992,0.706292,0.704529,0.702703,0.700814,0.698864,0.69685,0.694775,0.692638,0.690439,0.688178,0.685856,0.683474,0.681031,0.678528,0.675965,0.673342,0.67066,0.66792,0.665121,0.662264,0.65935,0.656379,0.653352,0.650269,0.64713,0.643936,0.640689,0.637387,0.634033,0.630626,0.627167,0.623657,0.620096,0.616486,0.612827,0.609119,0.605364,0.601562,0.597714,0.59382,0.589882,0.5859,0.581876,0.577809,0.573702,0.569554,0.565367,0.561141,0.556878,0.552579,0.548243,0.543874,0.53947,0.535034,0.530566,0.526068,0.52154,0.516983,0.512399,0.507789,0.503153,0.498493,0.49381,0.489105,0.484379,0.479633,0.474869,0.470087,0.465289,0.460475,0.455648,0.450808,0.445956,0.441094,0.436223,0.431344,0.426459,0.421568,0.416672,0.411774,0.406874,0.401973,0.397073,0.392176,0.387281,0.382391,0.377507,0.37263,0.367762,0.362903,0.358055,0.35322,0.348398,0.343591,0.3388,0.334027,0.329272,0.324537,0.319824,0.315133,0.310466,0.305824,0.301208,0.296621,0.292062,0.287534,0.283037,0.278573,0.274143,0.269748,0.26539,0.26107,0.256788,0.252547,0.248348,0.244191,0.240078,0.236011,0.231989,0.228016,0.224091,0.220216,0.216392,0.21262,0.208901,0.205237,0.201629,0.198077,0.194583,0.191148,0.187773,0.184458,0.181206,0.178018,0.174893,0.171833,0.16884,0.165913,0.163055,0.160266,0.157546,0.154898,0.152321,0.149817,0.147387,0.145031,0.14275,0.140546,0.138418,0.136368,0.134396,0.132504,0.130691,0.128959,0.127309,0.12574,0.124254,0.122852,0.121533,0.120299,0.11915,0.118086,0.117109,0.116218,0.115415,0.114699,0.114072,0.113533,0.113083,0.112722,0.112451,0.11227,0.112179,0.112179,0.112271,0.112453,0.112726,0.113092,0.113549,0.114098,0.114739,0.115472,0.116298,0.117216,0.118227,0.11933,0.120525,0.121813,0.123193,0.124665,0.12623,0.127887,0.129635,0.131476,0.133408,0.135431,0.137545,0.13975,0.142046,0.144432,0.146908,0.149473,0.152127,0.154871,0.157702,0.160621,0.163628,0.166721,0.169901,0.173167,0.176517,0.179953,0.183472,0.187075,0.19076,0.194527,0.198376,0.202305,0.206314,0.210402,0.214568,0.218811,0.223131,0.227527,0.231997,0.236542,0.241159,0.245849,0.250609,0.25544,0.260339,0.265307,0.270342,0.275442,0.280608,0.285837,0.291129,0.296482,0.301895,0.307368,0.312899,0.318486,0.324129,0.329826,0.335577,0.341379,0.347231,0.353133,0.359082,0.365078,0.371119,0.377204,0.383331,0.389499,0.395707,0.401953,0.408235,0.414553,0.420905,0.427289,0.433704,0.440149,0.446622,0.45312,0.459644,0.466191,0.47276,0.47935,0.485958,0.492583,0.499224,0.505879,0.512547,0.519225,0.525913,0.532608,0.539309,0.546015,0.552724,0.559434,0.566144,0.572852,0.579556,0.586255,0.592948,0.599632,0.606305,0.612968,0.619616,0.62625,0.632867,0.639467,0.646046,0.652604,0.659139,0.665649,0.672133,0.678589,0.685015,0.691411,0.697774,0.704102,0.710395,0.71665,0.722867,0.729043,0.735177,0.741267,0.747312,0.75331,0.759261,0.765161,0.77101,0.776807,0.78255,0.788237,0.793866,0.799438,0.804949,0.810399,0.815787,0.82111,0.826367,0.831558,0.836681,0.841734,0.846716,0.851626,0.856462,0.861224,0.86591,0.870519,0.875049,0.8795,0.88387,0.888158,0.892363,0.896483,0.900519,0.904468,0.908329,0.912102,0.915786,0.919379,0.92288,0.926289,0.929605,0.932826,0.935952,0.938982,0.941915,0.944751,0.947487,0.950125,0.952662,0.955099,0.957434,0.959666,0.961796,0.963823,0.965745,0.967563,0.969275,0.970882,0.972382,0.973776,0.975062,0.976241,0.977311,0.978274,0.979127,0.979871,0.980506,0.981031,0.981447,0.981752,0.981946,0.982031,0.982004,0.981867,0.981619,0.98126,0.980791,0.98021,0.979518,0.978716,0.977803,0.976779,0.975645,0.9744,0.973045,0.97158,0.970006,0.968322,0.966529,0.964627,0.962617,0.960499,0.958273]'::vector)
         Filter: (kb_id = 90001)
         Buffers: shared hit=332 read=36
 Planning:
   Buffers: shared hit=15 read=1
 Planning Time: 2.477 ms
 Execution Time: 0.311 ms
(10 rows)

Time: 3.064 ms
SET
Time: 0.080 ms
                                                                                                                                                                                                                                                                                                                                                                                                                                                                                                                                                                                                                                                                                                                                                                                                                                                                                                                                                                                                                                                                                                                                                                                                                                                                                                                                                                                                                                                                                                                                                                                                                                                                                                                                                                                                                                                                                                                                                                                                                                                                                                                                                                                                                                                                                                                                                                                                                                                                                                                                                                                                                                                                                                                                                                                                                                                                                                                                                                                                                                                                                                                                                                                                                                                                                                                                                                                                                                                                                                                                                                                                                                                                                                                                                                                                                                                                                                                                                                                                                                                                                                                                                                                                                                                                                                                                                                                                                                                                                                                                                                                                                                                                                                                                                                                                                                                                                                                                                                                                                                                                                                                                                                                                                                                                                                                                                                                                                                                                                                                                                                                                                                                                                                                                                                                                                                                                                                                                                                                                                                                                                                                                                                                                                                                                                                                                                                                                                                                                                                                                                                                                                                                                                                                                                                                                                                                                                                                                                                                                                                                                                                                                          QUERY PLAN                                                                                                                                                                                                                                                                                                                                                                                                                                                                                                                                                                                                                                                                                                                                                                                                                                                                                                                                                                                                                                                                                                                                                                                                                                                                                                                                                                                                                                                                                                                                                                                                                                                                                                                                                                                                                                                                                                                                                                                                                                                                                                                                                                                                                                                                                                                                                                                                                                                                                                                                                                                                                                                                                                                                                                                                                                                                                                                                                                                                                                                                                                                                                                                                                                                                                                                                                                                                                                                                                                                                                                                                                                                                                                                                                                                                                                                                                                                                                                                                                                                                                                                                                                                                                                                                                                                                                                                                                                                                                                                                                                                                                                                                                                                                                                                                                                                                                                                                                                                                                                                                                                                                                                                                                                                                                                                                                                                                                                                                                                                                                                                                                                                                                                                                                                                                                                                                                                                                                                                                                                                                                                                                                                                                                                                                                                                                                                                                                                                                                                                                                                                                                                                                                                                                                                                                                                                                                                                                                                                                                                                                                                                                           
-----------------------------------------------------------------------------------------------------------------------------------------------------------------------------------------------------------------------------------------------------------------------------------------------------------------------------------------------------------------------------------------------------------------------------------------------------------------------------------------------------------------------------------------------------------------------------------------------------------------------------------------------------------------------------------------------------------------------------------------------------------------------------------------------------------------------------------------------------------------------------------------------------------------------------------------------------------------------------------------------------------------------------------------------------------------------------------------------------------------------------------------------------------------------------------------------------------------------------------------------------------------------------------------------------------------------------------------------------------------------------------------------------------------------------------------------------------------------------------------------------------------------------------------------------------------------------------------------------------------------------------------------------------------------------------------------------------------------------------------------------------------------------------------------------------------------------------------------------------------------------------------------------------------------------------------------------------------------------------------------------------------------------------------------------------------------------------------------------------------------------------------------------------------------------------------------------------------------------------------------------------------------------------------------------------------------------------------------------------------------------------------------------------------------------------------------------------------------------------------------------------------------------------------------------------------------------------------------------------------------------------------------------------------------------------------------------------------------------------------------------------------------------------------------------------------------------------------------------------------------------------------------------------------------------------------------------------------------------------------------------------------------------------------------------------------------------------------------------------------------------------------------------------------------------------------------------------------------------------------------------------------------------------------------------------------------------------------------------------------------------------------------------------------------------------------------------------------------------------------------------------------------------------------------------------------------------------------------------------------------------------------------------------------------------------------------------------------------------------------------------------------------------------------------------------------------------------------------------------------------------------------------------------------------------------------------------------------------------------------------------------------------------------------------------------------------------------------------------------------------------------------------------------------------------------------------------------------------------------------------------------------------------------------------------------------------------------------------------------------------------------------------------------------------------------------------------------------------------------------------------------------------------------------------------------------------------------------------------------------------------------------------------------------------------------------------------------------------------------------------------------------------------------------------------------------------------------------------------------------------------------------------------------------------------------------------------------------------------------------------------------------------------------------------------------------------------------------------------------------------------------------------------------------------------------------------------------------------------------------------------------------------------------------------------------------------------------------------------------------------------------------------------------------------------------------------------------------------------------------------------------------------------------------------------------------------------------------------------------------------------------------------------------------------------------------------------------------------------------------------------------------------------------------------------------------------------------------------------------------------------------------------------------------------------------------------------------------------------------------------------------------------------------------------------------------------------------------------------------------------------------------------------------------------------------------------------------------------------------------------------------------------------------------------------------------------------------------------------------------------------------------------------------------------------------------------------------------------------------------------------------------------------------------------------------------------------------------------------------------------------------------------------------------------------------------------------------------------------------------------------------------------------------------------------------------------------------------------------------------------------------------------------------------------------------------------------------------------------------------------------------------------------------------------------------------------------------------------------------------------------------------------------------------------------------------------------------------------------------------------------------------------------------------------------------------------------------------------------------------------------------------------------------------------------------------------------------------------------------------------------------------------------------------------------------------------------------------------------------------------------------------------------------------------------------------------------------------------------------------------------------------------------------------------------------------------------------------------------------------------------------------------------------------------------------------------------------------------------------------------------------------------------------------------------------------------------------------------------------------------------------------------------------------------------------------------------------------------------------------------------------------------------------------------------------------------------------------------------------------------------------------------------------------------------------------------------------------------------------------------------------------------------------------------------------------------------------------------------------------------------------------------------------------------------------------------------------------------------------------------------------------------------------------------------------------------------------------------------------------------------------------------------------------------------------------------------------------------------------------------------------------------------------------------------------------------------------------------------------------------------------------------------------------------------------------------------------------------------------------------------------------------------------------------------------------------------------------------------------------------------------------------------------------------------------------------------------------------------------------------------------------------------------------------------------------------------------------------------------------------------------------------------------------------------------------------------------------------------------------------------------------------------------------------------------------------------------------------------------------------------------------------------------------------------------------------------------------------------------------------------------------------------------------------------------------------------------------------------------------------------------------------------------------------------------------------------------------------------------------------------------------------------------------------------------------------------------------------------------------------------------------------------------------------------------------------------------------------------------------------------------------------------------------------------------------------------------------------------------------------------------------------------------------------------------------------------------------------------------------------------------------------------------------------------------------------------------------------------------------------------------------------------------------------------------------------------------------------------------------------------------------------------------------------------------------------------------------------------------------------------------------------------------------------------------------------------------------------------------------------------------------------------------------------------------------------------------------------------------------------------------------------------------------------------------------------------------------------------------------------------------------------------------------------------------------------------------------------------------------------------------------------------------------------------------------------------------------------------------------------------------------------------------------------------------------------------------------------------------------------------------------------------------------------------------------------------------------------------------------------------------------------------------------------------------------------------------------------------------------------------------------------------------------------------------------------------------------------------------------------------------------------------------------------------------------------------------------------------------------------------------------------------------------------------------------------------------------------------------------------------------------------------------------------------------------------------------------------------------------------------------------------------------------------------------------------------------------------------------------------------------------------------------------------------------------------------------------------------------------------------------------------------------------------------------------------------------------------------------------------------------------------------------------------------------------------------------------------------------------------------------------------------------------------------------------------------------------------------------------------------------------------------------------------------------------------------------------------------------------------------------------------------------------------------------------------------------------------------------------------------------------------------------------------------------------------------------------------------------------------------------------------------------------------------------------------------------------------------------------------------------------------------------------------------------------------------------------------------------------------------------------------------------------------------------------------------------------------------------------------------------------------------------------------------------------------------------------------------------------------------------------------------------------------------------------------------------------------------------------------------------------------------------------------
 Limit  (cost=3464.00..3519.95 rows=20 width=24) (actual time=0.177..0.277 rows=20 loops=1)
   Buffers: shared hit=429 read=33
   ->  Index Scan using idx_bench_chunk_embedding_hnsw on document_chunk  (cost=3464.00..283230.00 rows=100000 width=24) (actual time=0.176..0.275 rows=20 loops=1)
         Order By: (embedding <=> '[0.882225,0.886998,0.891686,0.896286,0.900798,0.905221,0.909553,0.913795,0.917943,0.921998,0.925959,0.929824,0.933593,0.937264,0.940837,0.944311,0.947685,0.950957,0.954128,0.957197,0.960162,0.963023,0.965779,0.968429,0.970974,0.973411,0.975741,0.977963,0.980077,0.982081,0.983975,0.98576,0.987433,0.988996,0.990447,0.991787,0.993014,0.994128,0.99513,0.996019,0.996794,0.997455,0.998003,0.998437,0.998757,0.998963,0.999055,0.999032,0.998895,0.998643,0.998278,0.997798,0.997204,0.996496,0.995674,0.994739,0.99369,0.992528,0.991252,0.989865,0.988364,0.986752,0.985028,0.983193,0.981247,0.97919,0.977024,0.974748,0.972363,0.96987,0.967269,0.964561,0.961746,0.958826,0.955801,0.952671,0.949437,0.9461,0.942661,0.939121,0.935481,0.931741,0.927902,0.923965,0.919931,0.915802,0.911577,0.907259,0.902847,0.898344,0.89375,0.889066,0.884294,0.879435,0.874489,0.869458,0.864343,0.859145,0.853867,0.848508,0.84307,0.837554,0.831963,0.826296,0.820556,0.814744,0.808861,0.802909,0.796889,0.790802,0.78465,0.778435,0.772158,0.76582,0.759423,0.752969,0.746458,0.739894,0.733276,0.726607,0.719889,0.713123,0.70631,0.699452,0.692552,0.685609,0.678627,0.671607,0.66455,0.657459,0.650335,0.643179,0.635993,0.62878,0.62154,0.614276,0.606989,0.59968,0.592353,0.585008,0.577648,0.570273,0.562886,0.555488,0.548082,0.540669,0.53325,0.525828,0.518404,0.510981,0.503559,0.49614,0.488727,0.481321,0.473924,0.466538,0.459164,0.451803,0.444459,0.437132,0.429825,0.422538,0.415275,0.408035,0.400822,0.393637,0.386481,0.379356,0.372264,0.365207,0.358186,0.351202,0.344258,0.337355,0.330495,0.323679,0.316909,0.310186,0.303512,0.296889,0.290318,0.2838,0.277338,0.270932,0.264584,0.258296,0.252068,0.245903,0.239802,0.233766,0.227796,0.221895,0.216062,0.210301,0.204611,0.198994,0.193452,0.187985,0.182596,0.177284,0.172052,0.166901,0.161831,0.156843,0.15194,0.147122,0.142389,0.137744,0.133187,0.128718,0.12434,0.120053,0.115858,0.111755,0.107746,0.103832,0.100013,0.096291,0.092665,0.089137,0.085707,0.082377,0.079146,0.076016,0.072987,0.070059,0.067234,0.064512,0.061893,0.059378,0.056968,0.054662,0.052461,0.050366,0.048377,0.046494,0.044718,0.043049,0.041487,0.040033,0.038686,0.037447,0.036316,0.035293,0.034378,0.033571,0.032873,0.032283,0.031802,0.031428,0.031163,0.031006,0.030958,0.031017,0.031183,0.031458,0.03184,0.032328,0.032924,0.033626,0.034434,0.035348,0.036368,0.037493,0.038722,0.040055,0.041493,0.043033,0.044676,0.046421,0.048268,0.050216,0.052264,0.054411,0.056658,0.059003,0.061446,0.063985,0.066621,0.069352,0.072177,0.075096,0.078108,0.081212,0.084407,0.087691,0.091065,0.094528,0.098077,0.101713,0.105434,0.109239,0.113127,0.117097,0.121149,0.125279,0.129489,0.133776,0.13814,0.142578,0.147091,0.151677,0.156333,0.161061,0.165857,0.170721,0.175651,0.180646,0.185706,0.190827,0.19601,0.201252,0.206553,0.211911,0.217324,0.222792,0.228312,0.233884,0.239505,0.245175,0.250891,0.256653,0.262459,0.268308,0.274198,0.280127,0.286094,0.292097,0.298136,0.304207,0.310311,0.316445,0.322608,0.328798,0.335013,0.341253,0.347516,0.353799,0.360102,0.366422,0.372759,0.379111,0.385476,0.391852,0.398239,0.404634,0.411035,0.417443,0.423853,0.430266,0.43668,0.443093,0.449503,0.455909,0.46231,0.468704,0.475089,0.481463,0.487827,0.494176,0.500512,0.506831,0.513132,0.519414,0.525675,0.531914,0.53813,0.544321,0.550485,0.556621,0.562727,0.568803,0.574847,0.580857,0.586832,0.592771,0.598673,0.604535,0.610357,0.616137,0.621874,0.627567,0.633215,0.638815,0.644368,0.649872,0.655325,0.660726,0.666075,0.671369,0.676609,0.681792,0.686918,0.691985,0.696993,0.70194,0.706825,0.711648,0.716407,0.721101,0.72573,0.730292,0.734787,0.739213,0.74357,0.747856,0.752072,0.756216,0.760287,0.764284,0.768208,0.772056,0.775829,0.779525,0.783144,0.786686,0.790149,0.793533,0.796838,0.800062,0.803206,0.806268,0.809249,0.812147,0.814963,0.817696,0.820345,0.82291,0.825391,0.827787,0.830098,0.832324,0.834465,0.83652,0.838488,0.840371,0.842167,0.843876,0.845499,0.847035,0.848484,0.849846,0.851121,0.852309,0.853409,0.854423,0.85535,0.85619,0.856942,0.857609,0.858188,0.858681,0.859088,0.859409,0.859644,0.859793,0.859857,0.859835,0.859729,0.859539,0.859265,0.858906,0.858465,0.85794,0.857333,0.856644,0.855874,0.855022,0.85409,0.853078,0.851986,0.850816,0.849567,0.848241,0.846837,0.845357,0.843801,0.84217,0.840465,0.838686,0.836834,0.83491,0.832915,0.830848,0.828713,0.826508,0.824234,0.821894,0.819487,0.817014,0.814477,0.811876,0.809212,0.806486,0.803698,0.800851,0.797945,0.794981,0.791959,0.788882,0.785749,0.782562,0.779322,0.776031,0.772688,0.769296,0.765854,0.762365,0.75883,0.755249,0.751623,0.747955,0.744244,0.740492,0.736701,0.732871,0.729003,0.725099,0.72116,0.717186,0.71318,0.709142,0.705074,0.700977,0.696851,0.692698,0.68852,0.684318,0.680092,0.675844,0.671575,0.667286,0.662979,0.658655,0.654314,0.649959,0.64559,0.641209,0.636817,0.632414,0.628003,0.623584,0.619159,0.614728,0.610294,0.605856,0.601417,0.596978,0.592539,0.588102,0.583668,0.579238,0.574813,0.570395,0.565985,0.561583,0.557191,0.55281,0.548441,0.544085,0.539744,0.535418,0.531108,0.526816,0.522542,0.518288,0.514055,0.509843,0.505654,0.501488,0.497347,0.493232,0.489143,0.485082,0.481049,0.477046,0.473074,0.469132,0.465223,0.461346,0.457504,0.453696,0.449924,0.446188,0.44249,0.438829,0.435208,0.431626,0.428084,0.424584,0.421125,0.417708,0.414335,0.411006,0.407722,0.404482,0.401288,0.398141,0.395041,0.391988,0.388984,0.386028,0.383121,0.380264,0.377458,0.374702,0.371997,0.369344,0.366743,0.364194,0.361698,0.359256,0.356867,0.354532,0.352251,0.350024,0.347853,0.345736,0.343675,0.341669,0.339719,0.337825,0.335987,0.334206,0.332481,0.330812,0.3292,0.327645,0.326147,0.324705,0.323321,0.321993,0.320722,0.319509,0.318352,0.317252,0.316208,0.315222,0.314292,0.313418,0.312601,0.31184,0.311135,0.310485,0.309892,0.309353,0.30887,0.308442,0.308068,0.307749,0.307484,0.307273,0.307115,0.30701,0.306957,0.306957,0.30701,0.307113,0.307268,0.307473,0.307729,0.308035,0.30839,0.308793,0.309246,0.309745,0.310293,0.310887,0.311527,0.312213,0.312944,0.31372,0.31454,0.315403,0.316308,0.317256,0.318245,0.319275,0.320346,0.321455,0.322604,0.32379,0.325015,0.326275,0.327572,0.328904,0.330271,0.331672,0.333106,0.334572,0.33607,0.337598,0.339157,0.340745,0.342361,0.344006,0.345677,0.347375,0.349097,0.350845,0.352616,0.35441,0.356227,0.358064,0.359923,0.361801,0.363697,0.365612,0.367544,0.369493,0.371457,0.373436,0.375429,0.377435,0.379453,0.381482,0.383522,0.385572,0.387631,0.389698,0.391772,0.393853,0.39594,0.398031,0.400126,0.402225,0.404326,0.406428,0.408532,0.410635,0.412738,0.414839,0.416938,0.419033,0.421125,0.423212,0.425294,0.427369,0.429438,0.431499,0.433551,0.435595,0.437629,0.439652,0.441664,0.443664,0.445651,0.447625,0.449585,0.451531,0.453461,0.455376,0.457273,0.459154,0.461017,0.462862,0.464687,0.466493,0.468279,0.470044,0.471788,0.473511,0.475211,0.476888,0.478542,0.480172,0.481778,0.483359,0.484915,0.486445,0.487949,0.489427,0.490878,0.492302,0.493698,0.495066,0.496405,0.497716,0.498998,0.50025,0.501473,0.502666,0.503829,0.504961,0.506063,0.507133,0.508173,0.509181,0.510158,0.511103,0.512016,0.512897,0.513746,0.514562,0.515346,0.516098,0.516817,0.517504,0.518158,0.518779,0.519368,0.519923,0.520447,0.520937,0.521395,0.52182,0.522213,0.522573,0.522901,0.523196,0.52346,0.523691,0.523891,0.524059,0.524196,0.524301,0.524375,0.524418,0.52443,0.524412,0.524364,0.524285,0.524177,0.52404,0.523874,0.523679,0.523455,0.523203,0.522924,0.522617,0.522283,0.521923,0.521536,0.521123,0.520686,0.520223,0.519735,0.519223,0.518688,0.51813,0.517548,0.516945,0.51632,0.515674,0.515007,0.514319,0.513612,0.512886,0.512142,0.511379,0.510599,0.509802,0.508989,0.50816,0.507316,0.506458,0.505585,0.504699,0.503801,0.50289,0.501968,0.501035,0.500092,0.49914,0.498178,0.497209,0.496231,0.495247,0.494257,0.49326,0.492259,0.491254,0.490245,0.489234,0.488219,0.487204,0.486187,0.485171,0.484154,0.483139,0.482126,0.481115,0.480108,0.479104,0.478105,0.477111,0.476123,0.475141,0.474167,0.473201,0.472243,0.471295,0.470357,0.469429,0.468512,0.467607,0.466715,0.465836,0.464971,0.46412,0.463285,0.462465,0.461662,0.460875,0.460106,0.459355,0.458623,0.457911,0.457218,0.456546,0.455895,0.455265,0.454658,0.454074,0.453512,0.452975,0.452462,0.451974,0.451511,0.451074,0.450663,0.450279,0.449923,0.449594,0.449293,0.449021,0.448778,0.448564,0.448381,0.448227,0.448104,0.448012,0.447951,0.447922,0.447925,0.447961,0.448028,0.448129,0.448263,0.448431,0.448632,0.448867,0.449137,0.449441,0.449779,0.450152,0.450561,0.451004,0.451483,0.451997,0.452547,0.453132,0.453753,0.45441,0.455103,0.455832,0.456597,0.457398,0.458235,0.459108,0.460017,0.460962,0.461943,0.46296,0.464013,0.465101,0.466225,0.467385,0.468579,0.469809,0.471074,0.472374,0.473708,0.475077,0.47648,0.477917,0.479388,0.480892,0.48243,0.484,0.485603,0.487238,0.488905,0.490603,0.492333,0.494093,0.495884,0.497705,0.499556,0.501436,0.503344,0.505281,0.507245,0.509237,0.511255,0.5133,0.51537,0.517466,0.519587,0.521731,0.523899,0.52609,0.528303,0.530538,0.532795,0.535071,0.537368,0.539684,0.542018,0.54437,0.546739,0.549125,0.551526,0.553943,0.556374,0.558818,0.561276,0.563745,0.566226,0.568717,0.571219,0.573729,0.576247,0.578773,0.581306,0.583844,0.586388,0.588936,0.591486,0.59404,0.596595,0.599151,0.601707,0.604262,0.606815,0.609366,0.611913,0.614456,0.616994,0.619525,0.62205,0.624567,0.627074,0.629573,0.63206,0.634536,0.637,0.639451,0.641887,0.644309,0.646714,0.649103,0.651473,0.653826,0.656158,0.658471,0.660762,0.663031,0.665276,0.667498,0.669695,0.671866,0.674011,0.676128,0.678217,0.680276,0.682306,0.684305,0.686271,0.688206,0.690106,0.691973,0.693804,0.6956,0.697359,0.69908,0.700763,0.702407,0.704011,0.705574,0.707096,0.708576,0.710013,0.711406,0.712755,0.714058,0.715316,0.716528,0.717692,0.718808,0.719876,0.720895,0.721864,0.722783,0.72365,0.724466,0.72523,0.72594,0.726598,0.727201,0.727751,0.728245,0.728683,0.729066,0.729392,0.729662,0.729874,0.730028,0.730124,0.730161,0.73014,0.730059,0.729918,0.729717,0.729456,0.729134,0.728752,0.728307,0.727802,0.727234,0.726605,0.725913,0.725159,0.724343,0.723464,0.722522,0.721517,0.720449,0.719318,0.718123,0.716866,0.715545,0.71416,0.712713,0.711202,0.709629,0.707992,0.706292,0.704529,0.702703,0.700814,0.698864,0.69685,0.694775,0.692638,0.690439,0.688178,0.685856,0.683474,0.681031,0.678528,0.675965,0.673342,0.67066,0.66792,0.665121,0.662264,0.65935,0.656379,0.653352,0.650269,0.64713,0.643936,0.640689,0.637387,0.634033,0.630626,0.627167,0.623657,0.620096,0.616486,0.612827,0.609119,0.605364,0.601562,0.597714,0.59382,0.589882,0.5859,0.581876,0.577809,0.573702,0.569554,0.565367,0.561141,0.556878,0.552579,0.548243,0.543874,0.53947,0.535034,0.530566,0.526068,0.52154,0.516983,0.512399,0.507789,0.503153,0.498493,0.49381,0.489105,0.484379,0.479633,0.474869,0.470087,0.465289,0.460475,0.455648,0.450808,0.445956,0.441094,0.436223,0.431344,0.426459,0.421568,0.416672,0.411774,0.406874,0.401973,0.397073,0.392176,0.387281,0.382391,0.377507,0.37263,0.367762,0.362903,0.358055,0.35322,0.348398,0.343591,0.3388,0.334027,0.329272,0.324537,0.319824,0.315133,0.310466,0.305824,0.301208,0.296621,0.292062,0.287534,0.283037,0.278573,0.274143,0.269748,0.26539,0.26107,0.256788,0.252547,0.248348,0.244191,0.240078,0.236011,0.231989,0.228016,0.224091,0.220216,0.216392,0.21262,0.208901,0.205237,0.201629,0.198077,0.194583,0.191148,0.187773,0.184458,0.181206,0.178018,0.174893,0.171833,0.16884,0.165913,0.163055,0.160266,0.157546,0.154898,0.152321,0.149817,0.147387,0.145031,0.14275,0.140546,0.138418,0.136368,0.134396,0.132504,0.130691,0.128959,0.127309,0.12574,0.124254,0.122852,0.121533,0.120299,0.11915,0.118086,0.117109,0.116218,0.115415,0.114699,0.114072,0.113533,0.113083,0.112722,0.112451,0.11227,0.112179,0.112179,0.112271,0.112453,0.112726,0.113092,0.113549,0.114098,0.114739,0.115472,0.116298,0.117216,0.118227,0.11933,0.120525,0.121813,0.123193,0.124665,0.12623,0.127887,0.129635,0.131476,0.133408,0.135431,0.137545,0.13975,0.142046,0.144432,0.146908,0.149473,0.152127,0.154871,0.157702,0.160621,0.163628,0.166721,0.169901,0.173167,0.176517,0.179953,0.183472,0.187075,0.19076,0.194527,0.198376,0.202305,0.206314,0.210402,0.214568,0.218811,0.223131,0.227527,0.231997,0.236542,0.241159,0.245849,0.250609,0.25544,0.260339,0.265307,0.270342,0.275442,0.280608,0.285837,0.291129,0.296482,0.301895,0.307368,0.312899,0.318486,0.324129,0.329826,0.335577,0.341379,0.347231,0.353133,0.359082,0.365078,0.371119,0.377204,0.383331,0.389499,0.395707,0.401953,0.408235,0.414553,0.420905,0.427289,0.433704,0.440149,0.446622,0.45312,0.459644,0.466191,0.47276,0.47935,0.485958,0.492583,0.499224,0.505879,0.512547,0.519225,0.525913,0.532608,0.539309,0.546015,0.552724,0.559434,0.566144,0.572852,0.579556,0.586255,0.592948,0.599632,0.606305,0.612968,0.619616,0.62625,0.632867,0.639467,0.646046,0.652604,0.659139,0.665649,0.672133,0.678589,0.685015,0.691411,0.697774,0.704102,0.710395,0.71665,0.722867,0.729043,0.735177,0.741267,0.747312,0.75331,0.759261,0.765161,0.77101,0.776807,0.78255,0.788237,0.793866,0.799438,0.804949,0.810399,0.815787,0.82111,0.826367,0.831558,0.836681,0.841734,0.846716,0.851626,0.856462,0.861224,0.86591,0.870519,0.875049,0.8795,0.88387,0.888158,0.892363,0.896483,0.900519,0.904468,0.908329,0.912102,0.915786,0.919379,0.92288,0.926289,0.929605,0.932826,0.935952,0.938982,0.941915,0.944751,0.947487,0.950125,0.952662,0.955099,0.957434,0.959666,0.961796,0.963823,0.965745,0.967563,0.969275,0.970882,0.972382,0.973776,0.975062,0.976241,0.977311,0.978274,0.979127,0.979871,0.980506,0.981031,0.981447,0.981752,0.981946,0.982031,0.982004,0.981867,0.981619,0.98126,0.980791,0.98021,0.979518,0.978716,0.977803,0.976779,0.975645,0.9744,0.973045,0.97158,0.970006,0.968322,0.966529,0.964627,0.962617,0.960499,0.958273]'::vector)
         Filter: (kb_id = 90001)
         Buffers: shared hit=429 read=33
 Planning:
   Buffers: shared hit=1
 Planning Time: 2.355 ms
 Execution Time: 0.281 ms
(10 rows)

Time: 2.768 ms
DROP INDEX
Time: 17.045 ms
psql:<stdin>:44: ERROR:  memory required is 65 MB, maintenance_work_mem is 64 MB
Time: 469.088 ms
docker exec -i intellibase-postgres-1 psql -U postgres -d intellibase -v  -f   0.01s user 0.02s system 0% cpu 23.635 total
# pgvector benchmark finished 2026-05-18T22:35:33+08:00
